{"cameraMode":{"drawMode":0,"name":"Shaded","section":"Shading Mode"},"sceneLighting":false,"audioPlay":false,"sceneViewState":{"showFog":true,"showMaterialUpdate":false,"showSkybox":false,"showFlares":true,"showImageEffects":true,"showParticleSystems":true},"in2DMode":false,"pivot":{"x":15.020000457763672,"y":1.7999999523162842,"z":70.0},"rotation":{"x":-0.08531487733125687,"y":-0.2723000645637512,"z":0.024246821179986,"w":-0.9581159949302673},"size":11.431535720825196,"orthographic":false}