{"cameraMode":{"drawMode":0,"name":"Shaded","section":"Shading Mode"},"sceneLighting":false,"audioPlay":false,"sceneViewState":{"showFog":true,"showMaterialUpdate":false,"showSkybox":false,"showFlares":true,"showImageEffects":true,"showParticleSystems":true},"in2DMode":false,"pivot":{"x":-0.21492832899093629,"y":2.183598279953003,"z":-1.1920928955078126e-7},"rotation":{"x":-0.08531487733125687,"y":-0.2723000645637512,"z":0.024246821179986,"w":-0.9581159949302673},"size":9.037062644958496,"orthographic":false}