{"cameraMode":{"drawMode":0,"name":"Shaded","section":"Shading Mode"},"sceneLighting":false,"audioPlay":false,"sceneViewState":{"showFog":true,"showMaterialUpdate":false,"showSkybox":false,"showFlares":true,"showImageEffects":true,"showParticleSystems":true},"in2DMode":false,"pivot":{"x":15.020000457763672,"y":1.7999999523162842,"z":70.0},"rotation":{"x":-0.43443089723587038,"y":0.08945563435554505,"z":-0.04341163486242294,"w":-0.8951999545097351},"size":11.431535720825196,"orthographic":false}