{"cameraMode":{"drawMode":0,"name":"Shaded","section":"Shading Mode"},"sceneLighting":false,"audioPlay":false,"sceneViewState":{"showFog":true,"showMaterialUpdate":false,"showSkybox":false,"showFlares":true,"showImageEffects":true,"showParticleSystems":true},"in2DMode":false,"pivot":{"x":-0.14328554272651673,"y":1.622398853302002,"z":-5.960464477539063e-8},"rotation":{"x":-0.43443089723587038,"y":0.08945563435554505,"z":-0.04341163486242294,"w":-0.8951999545097351},"size":6.024709224700928,"orthographic":false}