{"cameraMode":{"drawMode":0,"name":"Shaded","section":"Shading Mode"},"sceneLighting":false,"audioPlay":false,"sceneViewState":{"showFog":true,"showMaterialUpdate":false,"showSkybox":false,"showFlares":true,"showImageEffects":true,"showParticleSystems":true},"in2DMode":false,"pivot":{"x":23.898788452148439,"y":1.0916385650634766,"z":65.0},"rotation":{"x":-0.43443089723587038,"y":0.08945563435554505,"z":-0.04341163486242294,"w":-0.8951999545097351},"size":8.240479469299317,"orthographic":false}