{"cameraMode":{"drawMode":0,"name":"Shaded","section":"Shading Mode"},"sceneLighting":false,"audioPlay":false,"sceneViewState":{"showFog":true,"showMaterialUpdate":false,"showSkybox":false,"showFlares":true,"showImageEffects":true,"showParticleSystems":true},"in2DMode":false,"pivot":{"x":20.139999389648439,"y":1.2999999523162842,"z":70.1500015258789},"rotation":{"x":-0.43443089723587038,"y":0.08945563435554505,"z":-0.04341163486242294,"w":-0.8951999545097351},"size":5.65860652923584,"orthographic":false}